Raccoon,1,Full-50,007#05-20-2021#08-05-2021#Alan Young#Guest1-Guest2-Guest3,,,
Raccoon,2,Full-50,008#05-20-2021#05-28-2021#Alan Young#Guest1-Guest2-Guest3,007#05-20-2021#05-21-2021#Alan Young#Guest1-Guest2-Guest3,,
Raccoon,3,Tent,007#05-25-2021#05-29-2021#Alan Young#Guest1-Guest2-Guest3,007#05-30-2021#06-6-2021#Alan Young#Guest1-Guest2-Guest3,007#06-8-2021#06-12-2021#Alan Young#Guest1-Guest2-Guest3,007#06-18-2021#06-22-2021#Alan Young#Guest1-Guest2-Guest3
Raccoon,4,Full-50,007#05-20-2021#05-27-2021#Alan Young#Guest1-Guest2-Guest3,,,
Raccoon,5,Full-50,,,,
Raccoon,6,Full-50,,,,
Raccoon,7,Tent,,,,
Raccoon,8,Full-50,,,,
Raccoon,9,Full-50,,,,
Raccoon,10,Full-50,,,,
Raccoon,11,Full-50,,,,
Raccoon,12,Full-50,,,,
Raccoon,13,Full-50,,,,
Raccoon,14,Full-50,,,,
Raccoon,15,Full-50,,,,
Bear,1,Full-50,,,,
Bear,2,Full-50,,,,
Bear,3,Full-50,,,,
Bear,4,Full-50,,,,
Bear,5,Full-50,,,,
Bear,6,Full-50,,,,
Bear,7,Full-50,,,,
Bear,8,Full-50,,,,
Bear,9,Full-50,,,,
Bear,10,Full-50,,,,
Beaver,1,Full-50,,,,
Beaver,2,Full-50,,,,
Beaver,3,Full-50,,,,
Beaver,4,Full-50,,,,
Beaver,5,Full-50,,,,
Beaver,6,Full-50,,,,
Beaver,7,Full-50,,,,
Beaver,8,Full-50,,,,
Rabbit,1,Full-50,,,,
Rabbit,2,Full-50,,,,
Rabbit,3,Full-50,,,,
Rabbit,4,Full-50,,,,
Rabbit,5,Full-50,,,,
Rabbit,6,Full-50,,,,
Rabbit,7,Full-50,,,,
Rabbit,8,Full-50,,,,
Rabbit,9,Full-50,,,,
Rabbit,10,Full-50,,,,
Rabbit,11,Full-50,,,,
Rabbit,12,Full-50,,,,
Rabbit,13,Full-50,,,,
Rabbit,14,Full-50,,,,
Rabbit,15,Full-50,,,,
Owl,1,Full-50,,,,
Owl,2,Full-50,,,,
Owl,3,Full-50,,,,
Owl,4,Full-50,,,,
Owl,5,Full-50,,,,
Squirrel,1,Full-50,,,,
Squirrel,2,Full-50,,,,
Squirrel,3,Full-50,,,,
Squirrel,4,Full-50,,,,
Squirrel,5,Full-50,,,,
Squirrel,6,Full-50,,,,
Squirrel,7,Full-50,,,,
Squirrel,8,Full-50,,,,
Squirrel,9,Full-50,,,,
Squirrel,10,Full-50,,,,
Squirrel,11,Full-50,,,,
Squirrel,12,Full-50,,,,
Squirrel,13,Full-50,,,,
Squirrel,14,Full-50,,,,
Squirrel,15,Full-50,,,,
Squirrel,16,Full-50,,,,
Squirrel,17,Full-50,,,,
Squirrel,18,Full-50,,,,
Deer,1,Full-50,,,,
Deer,2,Full-50,,,,
Deer,3,Full-50,,,,
Deer,4,Full-50,,,,
Deer,5,Full-50,,,,
Deer,6,Full-50,,,,
Deer,7,Full-50,,,,
Deer,8,Full-50,,,,
Deer,9,Full-50,,,,
Deer,10,Full-50,,,,
Deer,11,Full-50,,,,
Deer,12,Full-50,,,,
Deer,13,Full-50,,,,
Deer,14,Full-50,,,,
Deer,15,Full-50,,,,
Deer,16,Full-50,,,,
Deer,17,W & E,,,,
Deer,18,W & E,,,,
Deer,19,Full-50,,,,
Deer,20,Full-50,,,,
Deer,21,Full-50,,,,
Moose,1,Tent,,,,
Moose,2,Tent,,,,
Moose,3,Full-50,,,,
Moose,4,Full-50,,,,
Moose,5,Full-50,,,,
Moose,6,Tent,,,,
Moose,7,Tent,,,,
Moose,8,Full-50,,,,
Moose,9,Full-50,,,,
Moose,10,Full-50,,,,
Moose,11,Full-50,,,,
Moose,12,Full-50,,,,
Moose,13,Full-50,,,,
Moose,14,W & E,,,,
Moose,15,Full-50,,,,
Moose,16,Full-50,,,,
Rental,1,Rental,,,,
Hello,1,W & E,,,,
Hello,2,Full-50,,,,
Hello,3,Full-50,,,,
sdadas,1,Full-50,,,,
